id,score
72,0.03442167
64,0.8898701
24,0.6048068
90,0.3294276
10,1.199988
46,1.454527
74,7.801398
